Model_Name,loss,mean_absolute_error,mean_squared_error
Autoregressive,0.9111859202384949,0.7188823819160461,0.9111859202384949
Single Shot,1.2081233263015747,0.8144599795341492,1.2081233263015747
Regressive Model,0.45894676446914673,0.5166114568710327,0.45894676446914673
RNN Regressive Model,1.4533653259277344,0.9660252332687378,1.4533653259277344
Classification Model,1.1830661296844482,0.8833984136581421,1.1830661296844482
