Model_Name,Loss,Mean_Absolute_Error
Autoregressive,0.4265226721763611,0.5710170269012451
Single Shot,0.3606409430503845,0.49850910902023315
