Model_Name,Loss,Mean_Absolute_Error
Autoregressive,0.36463627219200134,0.5187364816665649
Single Shot,0.3565269708633423,0.500751793384552
