Model_Name,Loss,Mean_Absolute_Error
Autoregressive,1.1173090934753418,0.7800500392913818
Single Shot,0.9427092671394348,0.7091930508613586
