Model_Name,Loss,Mean_Absolute_Error
Autoregressive,1.0579185485839844,0.7895897030830383
Single Shot,0.8594926595687866,0.6703649163246155
