Model_Name,loss,mean_absolute_error,mean_squared_error
Autoregressive,0.2793601155281067,0.37500059604644775,0.2793601155281067
Single Shot,0.3168019950389862,0.4038378596305847,0.3168019950389862
Regressive Model,0.4291384220123291,0.45021605491638184,0.4291384220123291
RNN Regressive Model,0.47329169511795044,0.5541660189628601,0.47329169511795044
Classification Model,1.2207002639770508,0.9360730051994324,1.2207002639770508
